{"cameraMode":{"drawMode":0,"name":"Shaded","section":"Shading Mode"},"sceneLighting":true,"audioPlay":false,"sceneViewState":{"showFog":true,"showMaterialUpdate":false,"showSkybox":true,"showFlares":true,"showImageEffects":true,"showParticleSystems":true},"in2DMode":false,"pivot":{"x":-15.747635841369629,"y":-86.79776000976563,"z":-183.92181396484376},"rotation":{"x":0.005519404076039791,"y":-0.9710918664932251,"z":0.23764444887638093,"w":0.02267799712717533},"size":451.8536376953125,"orthographic":false}